{"count":1,"self":3.238244,"total":18.336281,"children":{"InitializeActuators":{"count":16,"self":0.001491,"total":0.001491,"children":null},"InitializeSensors":{"count":16,"self":0.00294,"total":0.00294,"children":null},"AgentSendState":{"count":1334,"self":0.64200099999999993,"total":1.2204249999999999,"children":{"CollectObservations":{"count":21344,"self":0.077653,"total":0.077653,"children":null},"WriteActionMask":{"count":21344,"self":0.016656999999999998,"total":0.016656999999999998,"children":null},"RequestDecision":{"count":21344,"self":0.10524599999999999,"total":0.484114,"children":{"AgentInfo.ToProto":{"count":21344,"self":0.069650999999999991,"total":0.378868,"children":{"GenerateSensorData":{"count":21344,"self":0.27155999999999997,"total":0.30921699999999996,"children":{"RayPerceptionSensor.Perceive":{"count":21344,"self":0.037656999999999996,"total":0.037656999999999996,"children":null}}}}}}}}},"DecideAction":{"count":1334,"self":13.5815088,"total":13.581508999999999,"children":null},"AgentAct":{"count":1334,"self":0.28778,"total":0.290724,"children":{"AgentInfo.ToProto":{"count":115,"self":0.00063899999999999992,"total":0.002944,"children":{"GenerateSensorData":{"count":115,"self":0.002002,"total":0.0023049999999999998,"children":{"RayPerceptionSensor.Perceive":{"count":115,"self":0.000303,"total":0.000303,"children":null}}}}}}}},"gauges":{"NupjukJump.CumulativeReward":{"count":115,"max":5.1805377,"min":0.0480060577,"runningAverage":1.932167,"value":1.552946,"weightedAverage":2.06374335}},"metadata":{"timer_format_version":"0.1.0","start_time_seconds":"1767629436","unity_version":"6000.0.28f1","command_line_arguments":"\/Applications\/Unity\/Hub\/Editor\/6000.0.28f1\/Unity.app\/Contents\/MacOS\/Unity -projectpath \/Users\/sungwon\/Malang Lab -acceptSoftwareTermsForThisRunOnly -useHub -hubIPC -cloudEnvironment production","communication_protocol_version":"1.5.0","com.unity.ml-agents_version":"4.0.0","scene_name":"Jumping_NupjukE","end_time_seconds":"1767629455"}}