{"count":1,"self":9.1773808,"total":9.744686,"children":{"InitializeActuators":{"count":16,"self":0.001424,"total":0.001424,"children":null},"InitializeSensors":{"count":16,"self":0.0018369999999999999,"total":0.0018369999999999999,"children":null},"AgentSendState":{"count":359,"self":0.24414799999999998,"total":0.288924,"children":{"CollectObservations":{"count":5744,"self":0.022813999999999997,"total":0.022813999999999997,"children":null},"WriteActionMask":{"count":5744,"self":0.0038959999999999997,"total":0.0038959999999999997,"children":null},"RequestDecision":{"count":5744,"self":0.018066,"total":0.018066,"children":null}}},"DecideAction":{"count":359,"self":0.16933299999999998,"total":0.20779499999999998,"children":{"RayPerceptionSensor.Perceive":{"count":5744,"self":0.038461999999999996,"total":0.038461999999999996,"children":null}}},"AgentAct":{"count":359,"self":0.066786,"total":0.066786,"children":null}},"gauges":{"NupjukWalk.CumulativeReward":{"count":12,"max":31.8091316,"min":6.571542,"runningAverage":21.9551487,"value":31.679,"weightedAverage":22.3710079}},"metadata":{"timer_format_version":"0.1.0","start_time_seconds":"1767639019","unity_version":"6000.0.28f1","command_line_arguments":"\/Applications\/Unity\/Hub\/Editor\/6000.0.28f1\/Unity.app\/Contents\/MacOS\/Unity -projectpath \/Users\/sungwon\/Malang Lab -acceptSoftwareTermsForThisRunOnly -useHub -hubIPC -cloudEnvironment production","communication_protocol_version":"1.5.0","com.unity.ml-agents_version":"4.0.0","scene_name":"Walking__Ray","end_time_seconds":"1767639028"}}