{"count":1,"self":308.83010559999997,"total":2135.025267,"children":{"InitializeActuators":{"count":16,"self":0.001529,"total":0.001529,"children":null},"InitializeSensors":{"count":16,"self":0.000794,"total":0.000794,"children":null},"AgentSendState":{"count":232784,"self":15.8138496,"total":115.451905,"children":{"CollectObservations":{"count":3724544,"self":39.6071168,"total":39.607116,"children":null},"WriteActionMask":{"count":3724544,"self":3.136212,"total":3.136212,"children":null},"RequestDecision":{"count":3724544,"self":14.6801488,"total":56.894726999999996,"children":{"AgentInfo.ToProto":{"count":3724544,"self":13.420059199999999,"total":42.214577999999996,"children":{"GenerateSensorData":{"count":3724544,"self":28.794518399999998,"total":28.794518999999998,"children":null}}}}}}},"DecideAction":{"count":232784,"self":1635.4635776,"total":1635.4635759999999,"children":null},"AgentAct":{"count":232784,"self":74.92652799999999,"total":75.276789,"children":{"AgentInfo.ToProto":{"count":22355,"self":0.123264,"total":0.350261,"children":{"GenerateSensorData":{"count":22355,"self":0.22699699999999998,"total":0.22699699999999998,"children":null}}}}}},"gauges":{"NupjukWalk.CumulativeReward":{"count":22355,"max":-0.2304005,"min":-1.11836326,"runningAverage":-0.75648737,"value":-0.478553563,"weightedAverage":-0.5784714}},"metadata":{"timer_format_version":"0.1.0","start_time_seconds":"1766914818","unity_version":"6000.0.28f1","command_line_arguments":"\/Applications\/Unity\/Hub\/Editor\/6000.0.28f1\/Unity.app\/Contents\/MacOS\/Unity -projectpath \/Users\/sungwon\/Malang Lab -acceptSoftwareTermsForThisRunOnly -useHub -hubIPC -cloudEnvironment production","communication_protocol_version":"1.5.0","com.unity.ml-agents_version":"4.0.0","scene_name":"Walking_NupjukE","end_time_seconds":"1766916953"}}